section,Model,Hardware,Bandwidth,Quality,Memory,Flash,SRAM,Latency,RTF,Power,Verdict
best_onchip,percepnet_class_16k,Alif Ensemble E3,16 kHz,high,onchip,0.31 MiB,0.20 MiB,20 ms,0.03,1.26 mW,PASS
best_onchip,percepnet_class_16k,NXP MCX N94,16 kHz,high,onchip,0.31 MiB,0.20 MiB,20 ms,0.52,14.44 mW,PASS
best_onchip,rnnoise_class_16k,Alif Ensemble E3,16 kHz,acceptable,onchip,0.16 MiB,0.07 MiB,20 ms,0.02,0.67 mW,PASS
best_onchip,spectral_gate_only_16k,Alif Ensemble E3,16 kHz,acceptable,onchip,0.05 MiB,0.05 MiB,32 ms,0.02,0.81 mW,PASS
best_onchip,mp_senet_micro_16k_target,Alif Ensemble E3,16 kHz,acceptable,onchip,0.35 MiB,0.26 MiB,20 ms,0.03,1.00 mW,PASS
best_onchip,spectral_gate_only_16k,NXP MCX N94,16 kHz,acceptable,onchip,0.05 MiB,0.05 MiB,32 ms,0.14,3.88 mW,PASS
best_onchip,mp_senet_micro_16k_target,NXP MCX N94,16 kHz,acceptable,onchip,0.35 MiB,0.26 MiB,20 ms,0.17,4.82 mW,PASS
best_onchip,rnnoise_class_16k,NXP MCX N94,16 kHz,acceptable,onchip,0.16 MiB,0.07 MiB,20 ms,0.26,7.18 mW,PASS
all_under_50mw,percepnet_class_16k,Alif Ensemble E3,16 kHz,high,onchip,0.31 MiB,0.20 MiB,20 ms,0.03,1.26 mW,PASS
all_under_50mw,percepnet_class_16k,NXP MCX N94,16 kHz,high,onchip,0.31 MiB,0.20 MiB,20 ms,0.52,14.44 mW,PASS
all_under_50mw,rnnoise_class_16k,Alif Ensemble E3,16 kHz,acceptable,onchip,0.16 MiB,0.07 MiB,20 ms,0.02,0.67 mW,PASS
all_under_50mw,spectral_gate_only_16k,Alif Ensemble E3,16 kHz,acceptable,onchip,0.05 MiB,0.05 MiB,32 ms,0.02,0.81 mW,PASS
all_under_50mw,mp_senet_micro_16k_target,Alif Ensemble E3,16 kHz,acceptable,onchip,0.35 MiB,0.26 MiB,20 ms,0.03,1.00 mW,PASS
all_under_50mw,spectral_gate_only_16k,NXP MCX N94,16 kHz,acceptable,onchip,0.05 MiB,0.05 MiB,32 ms,0.14,3.88 mW,PASS
all_under_50mw,mp_senet_micro_16k_target,NXP MCX N94,16 kHz,acceptable,onchip,0.35 MiB,0.26 MiB,20 ms,0.17,4.82 mW,PASS
all_under_50mw,rnnoise_class_16k,NXP MCX N94,16 kHz,acceptable,onchip,0.16 MiB,0.07 MiB,20 ms,0.26,7.18 mW,PASS
all_under_50mw,spectral_gate_only_16k,STM32L476RG,16 kHz,acceptable,onchip,0.05 MiB,0.05 MiB,32 ms,0.61,16.13 mW,PASS
all_under_50mw,mp_senet_micro_8k_target,Alif Ensemble E3,8 kHz,acceptable,onchip,0.27 MiB,0.18 MiB,20 ms,0.01,0.48 mW,PASS
all_under_50mw,percepnet_class_8k,Alif Ensemble E3,8 kHz,acceptable,onchip,0.27 MiB,0.10 MiB,20 ms,0.02,0.63 mW,PASS
all_under_50mw,mp_senet_micro_8k_target,NXP MCX N94,8 kHz,acceptable,onchip,0.27 MiB,0.18 MiB,20 ms,0.10,2.66 mW,PASS
all_under_50mw,percepnet_class_8k,NXP MCX N94,8 kHz,acceptable,onchip,0.27 MiB,0.10 MiB,20 ms,0.26,7.22 mW,PASS
all_under_50mw,rnnoise_class_8k,Alif Ensemble E3,8 kHz,degraded,onchip,0.14 MiB,0.04 MiB,20 ms,0.01,0.33 mW,PASS
all_under_50mw,spectral_gate_only_8k,Alif Ensemble E3,8 kHz,degraded,onchip,0.05 MiB,0.03 MiB,32 ms,0.01,0.41 mW,PASS
all_under_50mw,spectral_gate_only_8k,NXP MCX N94,8 kHz,degraded,onchip,0.05 MiB,0.03 MiB,32 ms,0.07,1.94 mW,PASS
all_under_50mw,rnnoise_class_8k,NXP MCX N94,8 kHz,degraded,onchip,0.14 MiB,0.04 MiB,20 ms,0.13,3.59 mW,PASS
all_under_50mw,spectral_gate_only_8k,STM32L476RG,8 kHz,degraded,onchip,0.05 MiB,0.03 MiB,32 ms,0.31,8.07 mW,PASS
all_under_50mw,rnnoise_class_8k,STM32L476RG,8 kHz,degraded,onchip,0.14 MiB,0.04 MiB,20 ms,0.99,26.03 mW,PASS
all_under_50mw,percepnet_class_16k,Infineon PSoC Edge E84,16 kHz,high,external,0.31 MiB,0.20 MiB,20 ms,0.05,10.20 mW,PASS
all_under_50mw,percepnet_class_16k,STM32N6,16 kHz,high,external,0.31 MiB,0.20 MiB,20 ms,0.02,13.63 mW,PASS
all_under_50mw,percepnet_class_16k,NXP i.MX RT700,16 kHz,high,external,0.31 MiB,0.20 MiB,20 ms,0.21,17.27 mW,PASS
all_under_50mw,rnnoise_class_16k,Infineon PSoC Edge E84,16 kHz,acceptable,external,0.16 MiB,0.07 MiB,20 ms,0.02,9.11 mW,PASS
all_under_50mw,spectral_gate_only_16k,Infineon PSoC Edge E84,16 kHz,acceptable,external,0.05 MiB,0.05 MiB,32 ms,0.03,9.20 mW,PASS
all_under_50mw,mp_senet_micro_16k_target,Infineon PSoC Edge E84,16 kHz,acceptable,external,0.35 MiB,0.26 MiB,20 ms,0.04,9.67 mW,PASS
all_under_50mw,spectral_gate_only_16k,NXP i.MX RT700,16 kHz,acceptable,external,0.05 MiB,0.05 MiB,32 ms,0.05,10.42 mW,PASS
all_under_50mw,mp_senet_micro_16k_target,NXP i.MX RT700,16 kHz,acceptable,external,0.35 MiB,0.26 MiB,20 ms,0.06,10.79 mW,PASS
all_under_50mw,rnnoise_class_16k,STM32N6,16 kHz,acceptable,external,0.16 MiB,0.07 MiB,20 ms,0.01,11.93 mW,PASS
all_under_50mw,spectral_gate_only_16k,STM32N6,16 kHz,acceptable,external,0.05 MiB,0.05 MiB,32 ms,0.01,12.40 mW,PASS
all_under_50mw,rnnoise_class_16k,NXP i.MX RT700,16 kHz,acceptable,external,0.16 MiB,0.07 MiB,20 ms,0.10,12.64 mW,PASS
all_under_50mw,mp_senet_micro_16k_target,STM32N6,16 kHz,acceptable,external,0.35 MiB,0.26 MiB,20 ms,0.02,12.90 mW,PASS
all_under_50mw,mp_senet_micro_8k_target,Infineon PSoC Edge E84,8 kHz,acceptable,external,0.27 MiB,0.18 MiB,20 ms,0.02,8.81 mW,PASS
all_under_50mw,percepnet_class_8k,Infineon PSoC Edge E84,8 kHz,acceptable,external,0.27 MiB,0.10 MiB,20 ms,0.02,9.10 mW,PASS
all_under_50mw,mp_senet_micro_8k_target,NXP i.MX RT700,8 kHz,acceptable,external,0.27 MiB,0.18 MiB,20 ms,0.04,9.57 mW,PASS
all_under_50mw,mp_senet_micro_8k_target,STM32N6,8 kHz,acceptable,external,0.27 MiB,0.18 MiB,20 ms,0.01,11.39 mW,PASS
all_under_50mw,percepnet_class_8k,STM32N6,8 kHz,acceptable,external,0.27 MiB,0.10 MiB,20 ms,0.01,11.81 mW,PASS
all_under_50mw,percepnet_class_8k,NXP i.MX RT700,8 kHz,acceptable,external,0.27 MiB,0.10 MiB,20 ms,0.11,12.64 mW,PASS
all_under_50mw,rnnoise_class_8k,Infineon PSoC Edge E84,8 kHz,degraded,external,0.14 MiB,0.04 MiB,20 ms,0.01,8.56 mW,PASS
all_under_50mw,spectral_gate_only_8k,Infineon PSoC Edge E84,8 kHz,degraded,external,0.05 MiB,0.03 MiB,32 ms,0.01,8.60 mW,PASS
all_under_50mw,spectral_gate_only_8k,NXP i.MX RT700,8 kHz,degraded,external,0.05 MiB,0.03 MiB,32 ms,0.03,9.21 mW,PASS
all_under_50mw,rnnoise_class_8k,NXP i.MX RT700,8 kHz,degraded,external,0.14 MiB,0.04 MiB,20 ms,0.05,10.32 mW,PASS
all_under_50mw,rnnoise_class_8k,STM32N6,8 kHz,degraded,external,0.14 MiB,0.04 MiB,20 ms,0.01,10.97 mW,PASS
all_under_50mw,spectral_gate_only_8k,STM32N6,8 kHz,degraded,external,0.05 MiB,0.03 MiB,32 ms,0.01,11.20 mW,PASS
onchip_under_50mw,percepnet_class_16k,Alif Ensemble E3,16 kHz,high,onchip,0.31 MiB,0.20 MiB,20 ms,0.03,1.26 mW,PASS
onchip_under_50mw,percepnet_class_16k,NXP MCX N94,16 kHz,high,onchip,0.31 MiB,0.20 MiB,20 ms,0.52,14.44 mW,PASS
onchip_under_50mw,rnnoise_class_16k,Alif Ensemble E3,16 kHz,acceptable,onchip,0.16 MiB,0.07 MiB,20 ms,0.02,0.67 mW,PASS
onchip_under_50mw,spectral_gate_only_16k,Alif Ensemble E3,16 kHz,acceptable,onchip,0.05 MiB,0.05 MiB,32 ms,0.02,0.81 mW,PASS
onchip_under_50mw,mp_senet_micro_16k_target,Alif Ensemble E3,16 kHz,acceptable,onchip,0.35 MiB,0.26 MiB,20 ms,0.03,1.00 mW,PASS
onchip_under_50mw,spectral_gate_only_16k,NXP MCX N94,16 kHz,acceptable,onchip,0.05 MiB,0.05 MiB,32 ms,0.14,3.88 mW,PASS
onchip_under_50mw,mp_senet_micro_16k_target,NXP MCX N94,16 kHz,acceptable,onchip,0.35 MiB,0.26 MiB,20 ms,0.17,4.82 mW,PASS
onchip_under_50mw,rnnoise_class_16k,NXP MCX N94,16 kHz,acceptable,onchip,0.16 MiB,0.07 MiB,20 ms,0.26,7.18 mW,PASS
onchip_under_50mw,spectral_gate_only_16k,STM32L476RG,16 kHz,acceptable,onchip,0.05 MiB,0.05 MiB,32 ms,0.61,16.13 mW,PASS
onchip_under_50mw,mp_senet_micro_8k_target,Alif Ensemble E3,8 kHz,acceptable,onchip,0.27 MiB,0.18 MiB,20 ms,0.01,0.48 mW,PASS
onchip_under_50mw,percepnet_class_8k,Alif Ensemble E3,8 kHz,acceptable,onchip,0.27 MiB,0.10 MiB,20 ms,0.02,0.63 mW,PASS
onchip_under_50mw,mp_senet_micro_8k_target,NXP MCX N94,8 kHz,acceptable,onchip,0.27 MiB,0.18 MiB,20 ms,0.10,2.66 mW,PASS
onchip_under_50mw,percepnet_class_8k,NXP MCX N94,8 kHz,acceptable,onchip,0.27 MiB,0.10 MiB,20 ms,0.26,7.22 mW,PASS
onchip_under_50mw,rnnoise_class_8k,Alif Ensemble E3,8 kHz,degraded,onchip,0.14 MiB,0.04 MiB,20 ms,0.01,0.33 mW,PASS
onchip_under_50mw,spectral_gate_only_8k,Alif Ensemble E3,8 kHz,degraded,onchip,0.05 MiB,0.03 MiB,32 ms,0.01,0.41 mW,PASS
onchip_under_50mw,spectral_gate_only_8k,NXP MCX N94,8 kHz,degraded,onchip,0.05 MiB,0.03 MiB,32 ms,0.07,1.94 mW,PASS
onchip_under_50mw,rnnoise_class_8k,NXP MCX N94,8 kHz,degraded,onchip,0.14 MiB,0.04 MiB,20 ms,0.13,3.59 mW,PASS
onchip_under_50mw,spectral_gate_only_8k,STM32L476RG,8 kHz,degraded,onchip,0.05 MiB,0.03 MiB,32 ms,0.31,8.07 mW,PASS
onchip_under_50mw,rnnoise_class_8k,STM32L476RG,8 kHz,degraded,onchip,0.14 MiB,0.04 MiB,20 ms,0.99,26.03 mW,PASS
external_under_50mw,percepnet_class_16k,Infineon PSoC Edge E84,16 kHz,high,external,0.31 MiB,0.20 MiB,20 ms,0.05,10.20 mW,PASS
external_under_50mw,percepnet_class_16k,STM32N6,16 kHz,high,external,0.31 MiB,0.20 MiB,20 ms,0.02,13.63 mW,PASS
external_under_50mw,percepnet_class_16k,NXP i.MX RT700,16 kHz,high,external,0.31 MiB,0.20 MiB,20 ms,0.21,17.27 mW,PASS
external_under_50mw,rnnoise_class_16k,Infineon PSoC Edge E84,16 kHz,acceptable,external,0.16 MiB,0.07 MiB,20 ms,0.02,9.11 mW,PASS
external_under_50mw,spectral_gate_only_16k,Infineon PSoC Edge E84,16 kHz,acceptable,external,0.05 MiB,0.05 MiB,32 ms,0.03,9.20 mW,PASS
external_under_50mw,mp_senet_micro_16k_target,Infineon PSoC Edge E84,16 kHz,acceptable,external,0.35 MiB,0.26 MiB,20 ms,0.04,9.67 mW,PASS
external_under_50mw,spectral_gate_only_16k,NXP i.MX RT700,16 kHz,acceptable,external,0.05 MiB,0.05 MiB,32 ms,0.05,10.42 mW,PASS
external_under_50mw,mp_senet_micro_16k_target,NXP i.MX RT700,16 kHz,acceptable,external,0.35 MiB,0.26 MiB,20 ms,0.06,10.79 mW,PASS
external_under_50mw,rnnoise_class_16k,STM32N6,16 kHz,acceptable,external,0.16 MiB,0.07 MiB,20 ms,0.01,11.93 mW,PASS
external_under_50mw,spectral_gate_only_16k,STM32N6,16 kHz,acceptable,external,0.05 MiB,0.05 MiB,32 ms,0.01,12.40 mW,PASS
external_under_50mw,rnnoise_class_16k,NXP i.MX RT700,16 kHz,acceptable,external,0.16 MiB,0.07 MiB,20 ms,0.10,12.64 mW,PASS
external_under_50mw,mp_senet_micro_16k_target,STM32N6,16 kHz,acceptable,external,0.35 MiB,0.26 MiB,20 ms,0.02,12.90 mW,PASS
external_under_50mw,mp_senet_micro_8k_target,Infineon PSoC Edge E84,8 kHz,acceptable,external,0.27 MiB,0.18 MiB,20 ms,0.02,8.81 mW,PASS
external_under_50mw,percepnet_class_8k,Infineon PSoC Edge E84,8 kHz,acceptable,external,0.27 MiB,0.10 MiB,20 ms,0.02,9.10 mW,PASS
external_under_50mw,mp_senet_micro_8k_target,NXP i.MX RT700,8 kHz,acceptable,external,0.27 MiB,0.18 MiB,20 ms,0.04,9.57 mW,PASS
external_under_50mw,mp_senet_micro_8k_target,STM32N6,8 kHz,acceptable,external,0.27 MiB,0.18 MiB,20 ms,0.01,11.39 mW,PASS
external_under_50mw,percepnet_class_8k,STM32N6,8 kHz,acceptable,external,0.27 MiB,0.10 MiB,20 ms,0.01,11.81 mW,PASS
external_under_50mw,percepnet_class_8k,NXP i.MX RT700,8 kHz,acceptable,external,0.27 MiB,0.10 MiB,20 ms,0.11,12.64 mW,PASS
external_under_50mw,rnnoise_class_8k,Infineon PSoC Edge E84,8 kHz,degraded,external,0.14 MiB,0.04 MiB,20 ms,0.01,8.56 mW,PASS
external_under_50mw,spectral_gate_only_8k,Infineon PSoC Edge E84,8 kHz,degraded,external,0.05 MiB,0.03 MiB,32 ms,0.01,8.60 mW,PASS
external_under_50mw,spectral_gate_only_8k,NXP i.MX RT700,8 kHz,degraded,external,0.05 MiB,0.03 MiB,32 ms,0.03,9.21 mW,PASS
external_under_50mw,rnnoise_class_8k,NXP i.MX RT700,8 kHz,degraded,external,0.14 MiB,0.04 MiB,20 ms,0.05,10.32 mW,PASS
external_under_50mw,rnnoise_class_8k,STM32N6,8 kHz,degraded,external,0.14 MiB,0.04 MiB,20 ms,0.01,10.97 mW,PASS
external_under_50mw,spectral_gate_only_8k,STM32N6,8 kHz,degraded,external,0.05 MiB,0.03 MiB,32 ms,0.01,11.20 mW,PASS

repo_models,Model,Hardware,Bandwidth,Memory,Flash,SRAM,Latency,RTF,Verdict,Reasons
repo_models,atennuate_8k_estimated,Alif Ensemble E3,8 kHz,onchip,0.90 MiB,0.16 MiB,1024 ms,0.23,FAIL,"latency,offline_only"
repo_models,atennuate_8k_estimated,Infineon PSoC Edge E84,8 kHz,external,0.90 MiB,0.16 MiB,1024 ms,0.26,FAIL,"latency,offline_only"
repo_models,atennuate_8k_estimated,NXP MCX N94,8 kHz,onchip,0.90 MiB,0.16 MiB,1024 ms,1.12,FAIL,"compute,latency,offline_only"
repo_models,atennuate_8k_estimated,NXP i.MX RT700,8 kHz,external,0.90 MiB,0.16 MiB,1024 ms,0.42,FAIL,"latency,offline_only"
repo_models,atennuate_8k_estimated,STM32L476RG,8 kHz,onchip,0.90 MiB,0.16 MiB,1024 ms,7.29,FAIL,"compute,flash,latency,offline_only,sram"
repo_models,atennuate_8k_estimated,STM32N6,8 kHz,external,0.90 MiB,0.16 MiB,1024 ms,0.13,FAIL,"latency,offline_only"
repo_models,atennuate_16k,Alif Ensemble E3,16 kHz,onchip,0.90 MiB,0.31 MiB,1024 ms,0.46,FAIL,"latency,offline_only"
repo_models,atennuate_16k,Infineon PSoC Edge E84,16 kHz,external,0.90 MiB,0.31 MiB,1024 ms,0.51,FAIL,"latency,offline_only"
repo_models,atennuate_16k,NXP MCX N94,16 kHz,onchip,0.90 MiB,0.31 MiB,1024 ms,2.25,FAIL,"compute,latency,offline_only"
repo_models,atennuate_16k,NXP i.MX RT700,16 kHz,external,0.90 MiB,0.31 MiB,1024 ms,0.85,FAIL,"latency,offline_only"
repo_models,atennuate_16k,STM32L476RG,16 kHz,onchip,0.90 MiB,0.31 MiB,1024 ms,14.39,FAIL,"compute,flash,latency,offline_only,sram"
repo_models,atennuate_16k,STM32N6,16 kHz,external,0.90 MiB,0.31 MiB,1024 ms,0.26,FAIL,"latency,offline_only"
repo_models,mp_senet_lite_8k_estimated,Alif Ensemble E3,8 kHz,onchip,0.42 MiB,1.22 MiB,1000 ms,2.74,FAIL,"compute,latency,offline_only"
repo_models,mp_senet_lite_8k_estimated,Infineon PSoC Edge E84,8 kHz,external,0.42 MiB,1.22 MiB,1000 ms,3.24,FAIL,"compute,latency,offline_only"
repo_models,mp_senet_lite_8k_estimated,NXP MCX N94,8 kHz,onchip,0.42 MiB,1.22 MiB,1000 ms,42.72,FAIL,"compute,latency,offline_only,sram"
repo_models,mp_senet_lite_8k_estimated,NXP i.MX RT700,8 kHz,external,0.42 MiB,1.22 MiB,1000 ms,17.92,FAIL,"compute,latency,offline_only"
repo_models,mp_senet_lite_8k_estimated,STM32L476RG,8 kHz,onchip,0.42 MiB,1.22 MiB,1000 ms,169.44,FAIL,"compute,latency,offline_only,sram"
repo_models,mp_senet_lite_8k_estimated,STM32N6,8 kHz,external,0.42 MiB,1.22 MiB,1000 ms,1.54,FAIL,"compute,latency,offline_only"
repo_models,mp_senet_lite_16k,Alif Ensemble E3,16 kHz,onchip,0.42 MiB,2.42 MiB,1000 ms,6.86,FAIL,"compute,latency,offline_only"
repo_models,mp_senet_lite_16k,Infineon PSoC Edge E84,16 kHz,external,0.42 MiB,2.42 MiB,1000 ms,8.02,FAIL,"compute,latency,offline_only"
repo_models,mp_senet_lite_16k,NXP MCX N94,16 kHz,onchip,0.42 MiB,2.42 MiB,1000 ms,106.50,FAIL,"compute,latency,offline_only,sram"
repo_models,mp_senet_lite_16k,NXP i.MX RT700,16 kHz,external,0.42 MiB,2.42 MiB,1000 ms,44.72,FAIL,"compute,latency,offline_only"
repo_models,mp_senet_lite_16k,STM32L476RG,16 kHz,onchip,0.42 MiB,2.42 MiB,1000 ms,398.61,FAIL,"compute,latency,offline_only,sram"
repo_models,mp_senet_lite_16k,STM32N6,16 kHz,external,0.42 MiB,2.42 MiB,1000 ms,3.84,FAIL,"compute,latency,offline_only"
